id,web_name,team,element_type,now_cost,total_points,form,points_per_game,ep_next,expected_goal_involvements,minutes
1,Raya,1,1,6.0,129,7.0,4.2,8.0,0.06,2790
2,Arrizabalaga,1,1,4.0,0,0.0,0.0,1.0,0.00,0
3,Hein,1,1,4.0,0,0.0,0.0,0.0,0.00,0
4,Setford,1,1,3.9,0,0.0,0.0,1.0,0.00,0
5,Gabriel,1,2,7.2,173,9.0,6.9,10.0,3.55,2165
6,Saliba,1,2,6.1,107,11.0,4.3,12.0,1.58,2074
7,Calafiori,1,2,5.6,93,6.0,4.2,7.0,3.41,1446
8,J.Timber,1,2,6.3,149,1.0,5.0,1.5,6.24,2452
9,Kiwior,1,2,5.4,0,0.0,0.0,0.0,0.00,0
10,Lewis-Skelly,1,2,5.0,12,0.0,0.9,1.0,0.11,311
11,White,1,2,5.1,30,0.0,4.3,1.0,0.92,409
13,Clarke,1,2,3.7,0,0.0,0.0,1.0,0.00,0
14,Kacurri,1,2,3.9,0,0.0,0.0,0.0,0.00,0
15,Nichols,1,2,3.7,0,0.0,0.0,1.0,0.00,0
16,Saka,1,3,9.8,133,3.0,4.9,3.0,12.74,1995
17,Ødegaard,1,3,7.8,62,0.0,3.1,1.0,3.92,1070
18,Madueke,1,3,6.8,54,3.0,2.7,4.0,3.09,889
19,Martinelli,1,3,6.8,47,4.0,1.9,5.0,4.53,839
20,Trossard,1,3,6.5,99,0.0,3.8,1.0,7.66,1675
21,Rice,1,3,7.3,163,3.0,5.4,4.0,9.48,2580
22,Merino,1,3,5.4,66,0.0,3.1,0.0,4.44,996
23,Fábio Vieira,1,3,5.4,0,0.0,0.0,0.0,0.00,0
24,Nørgaard,1,3,5.1,6,0.0,1.0,1.0,0.05,56
25,Nwaneri,1,3,5.0,8,0.0,1.3,0.0,0.31,165
26,Zubimendi,1,3,5.1,117,3.0,3.8,4.0,4.96,2597
28,Kabia,1,3,4.5,0,0.0,0.0,0.0,0.00,0
29,Sambi,1,3,4.5,0,0.0,0.0,0.0,0.00,0
30,Havertz,1,4,7.3,12,2.0,2.0,3.0,0.40,261
31,G.Jesus,1,4,6.4,17,0.0,1.5,1.0,1.94,304
266,Eze,1,3,7.2,94,3.0,3.6,2.0,6.11,1494
662,Mosquera,1,2,5.3,28,1.0,2.0,2.0,0.49,667
666,Gyökeres,1,4,8.8,101,7.0,3.5,8.0,10.98,1888
700,Dowman,1,3,4.2,11,6.0,3.7,7.0,1.15,43
711,Harriman-Annous,1,3,4.4,0,0.0,0.0,1.0,0.00,0
725,Hincapie,1,2,5.1,74,4.0,3.5,2.5,1.72,1499
759,Salmon,1,2,4.0,0,0.0,0.0,1.0,0.00,0
32,Martinez,2,1,5.1,105,4.0,3.9,4.0,0.06,2385
33,M.Bizot,2,1,4.2,11,0.0,2.2,0.0,0.00,405
34,Gauci,2,1,4.0,0,0.0,0.0,0.0,0.00,0
35,Marschall,2,1,4.0,0,0.0,0.0,0.0,0.00,0
36,Cash,2,2,4.7,106,3.0,3.8,3.0,3.77,2442
37,Digne,2,2,4.5,85,5.5,3.3,5.5,3.34,1549
38,Konsa,2,2,4.4,95,3.5,3.2,3.5,1.83,2675
39,Maatsen,2,2,4.2,40,0.5,1.7,0.5,2.90,1251
40,Mings,2,2,4.3,44,1.5,3.4,1.5,1.38,962
41,Pau,2,2,4.3,56,3.0,3.3,3.0,0.99,1386
42,A.García,2,2,3.9,3,0.5,0.8,0.5,0.01,37
43,Alex Moreno,2,2,4.0,0,0.0,0.0,0.0,0.00,0
44,Bogarde,2,2,4.0,34,0.5,1.4,0.5,0.19,797
45,Sousa,2,2,3.8,0,0.0,0.0,0.0,0.00,0
46,Yasin,2,2,4.0,0,0.0,0.0,0.0,0.00,0
47,Rogers,2,3,7.4,138,4.0,4.5,4.0,9.27,2753
48,Tielemans,2,3,5.9,53,0.5,2.9,0.5,3.50,1318
49,Bailey,2,3,5.5,13,1.0,1.4,1.0,1.52,334
50,Buendía,2,3,5.3,83,2.0,2.9,2.0,4.77,1453
51,Iling Jr,2,3,5.5,0,0.0,0.0,0.0,0.00,0
53,Malen,2,3,5.1,55,0.0,2.6,0.0,4.38,640
54,McGinn,2,3,5.3,83,6.0,3.5,6.0,4.87,1717
55,Barkley,2,3,4.8,35,7.5,2.5,7.5,1.80,390
56,Barrenechea,2,3,5.0,0,0.0,0.0,0.0,0.00,0
57,Dobbin,2,3,5.0,0,0.0,0.0,0.0,0.00,0
58,Kamara,2,3,4.9,61,0.0,3.4,0.0,1.36,1410
59,Onana,2,3,4.8,71,3.5,3.2,3.5,2.02,1558
60,Broggio,2,3,4.4,0,0.0,0.0,0.0,0.00,0
61,Dendoncker,2,3,4.5,0,0.0,0.0,0.0,0.00,0
62,Jimoh-Aloba,2,3,4.5,1,0.0,1.0,0.0,0.00,8
63,Young,2,3,4.3,0,0.0,0.0,0.0,0.00,0
64,Watkins,2,4,8.5,109,4.5,3.6,4.5,11.67,2289
65,Redmond,2,4,4.5,0,0.0,0.0,0.0,0.00,0
389,Elliott,2,3,5.1,5,0.0,1.0,0.0,0.37,110
456,Sancho,2,3,5.8,32,3.0,1.7,0.8,2.43,752
688,Wright,2,1,3.9,0,0.0,0.0,0.0,0.00,0
699,Douglas Luiz,2,3,4.9,30,1.0,1.9,1.0,1.88,801
701,Rowe,2,2,4.0,0,0.0,0.0,0.0,0.00,0
702,Burrowes,2,3,4.4,1,0.0,1.0,0.0,0.00,16
703,Proctor,2,1,3.9,0,0.0,0.0,0.0,0.00,0
710,Patterson,2,2,3.9,0,0.0,0.0,0.0,0.00,0
719,Lindelöf,2,2,4.5,22,0.0,1.8,0.0,0.10,572
754,George Hemmings,2,3,4.5,2,0.0,1.0,0.0,0.05,25
757,Hollingshead,2,1,4.0,0,0.0,0.0,0.0,0.00,0
768,Leon Routh,2,2,4.0,0,0.0,0.0,0.0,0.00,0
781,Carroll,2,2,4.0,0,0.0,0.0,0.0,0.00,0
792,Alysson,2,3,5.0,3,0.0,1.0,0.0,0.10,47
808,Abraham,2,4,5.9,15,1.0,1.9,1.0,1.62,196
183,Weiss,3,1,4.3,0,0.0,0.0,-0.5,0.00,0
184,Green,3,1,4.0,0,0.0,0.0,0.0,0.00,0
185,Hladký,3,1,3.9,0,0.0,0.0,-0.5,0.00,0
186,Roberts,3,2,4.3,0,0.0,0.0,-0.1,0.00,0
187,Walker,3,2,4.4,62,3.5,2.1,3.0,1.13,2547
188,Delcroix,3,2,3.8,0,0.0,0.0,0.0,0.00,0
189,Dodgson,3,2,4.0,0,0.0,0.0,0.0,0.00,0
190,Ekdal,3,2,3.8,44,0.0,2.9,-0.5,0.45,1179
191,Estève,3,2,3.9,69,4.5,2.5,4.0,1.25,2402
192,Hartman,3,2,4.0,53,3.5,3.1,3.0,1.95,1500
193,Humphreys,3,2,3.9,40,3.5,2.7,3.0,0.94,1239
194,Jordan,3,2,3.9,0,0.0,0.0,0.0,0.00,0
195,Lucas Pires,3,2,3.8,19,0.5,1.3,0.0,1.53,1102
196,Sambo,3,2,4.0,0,0.0,0.0,0.0,0.00,0
197,Sonne,3,2,3.8,13,0.0,1.9,0.0,0.63,164
198,Tuanzebe,3,2,3.9,27,0.0,2.5,-0.5,0.72,931
199,Worrall,3,2,3.8,20,0.5,1.8,0.0,0.10,496
200,Anthony,3,3,5.0,105,2.5,3.5,2.0,6.52,2108
201,Benson,3,3,5.4,0,0.0,0.0,0.0,0.00,0
202,Bruun Larsen,3,3,5.2,36,0.0,1.6,-0.5,2.41,961
203,Boateng,3,3,4.7,0,0.0,0.0,-0.5,0.00,0
204,Churlinov,3,3,4.9,0,0.0,0.0,0.0,0.00,0
205,Cullen,3,3,4.9,70,0.0,3.9,0.0,2.30,1513
206,Edwards,3,3,4.7,45,1.0,2.4,0.5,3.12,903
207,Hannibal,3,3,4.7,52,1.5,2.3,0.8,1.89,981
208,Koleosho,3,3,5.0,0,0.0,0.0,0.0,0.00,0
209,Laurent,3,3,4.8,50,1.0,1.8,0.0,1.29,1576
210,Tchaouna,3,3,4.8,39,0.5,1.7,0.0,1.64,846
211,A.Ramsey,3,3,4.4,0,0.0,0.0,0.0,0.00,0
212,Adewumi,3,3,4.5,0,0.0,0.0,0.0,0.00,0
213,Banel,3,3,4.5,1,0.0,1.0,0.0,0.00,9
214,Trésor,3,3,4.3,4,0.0,1.0,-0.4,0.00,19
215,Flemming,3,4,5.3,71,4.5,3.2,4.0,6.32,1182
216,Amdouni,3,4,4.8,0,0.0,0.0,-0.1,0.00,0
217,Foster,3,4,4.9,55,3.5,2.4,3.0,3.40,1296
218,Barnes,3,4,4.2,5,0.5,1.0,0.0,0.11,35
219,Obafemi,3,4,4.4,0,0.0,0.0,0.0,0.00,0
470,Dúbravka,3,1,4.0,88,4.0,2.8,3.5,0.04,2790
614,Ward-Prowse,3,3,5.6,25,3.0,2.3,2.5,1.35,728
676,Ugochukwu,3,3,5.0,84,1.5,2.8,1.0,2.54,1967
680,Broja,3,4,5.2,39,0.5,1.9,0.0,2.27,807
722,Florentino,3,3,5.0,66,0.0,2.8,-0.5,0.94,1651
776,Pimlott,3,3,4.5,0,0.0,0.0,-0.5,0.00,0
784,Brierley,3,3,4.5,0,0.0,0.0,-0.5,0.00,0
820,McMahon-Brown,3,3,4.5,0,0.0,0.0,-0.5,0.00,0
66,Neto,4,1,4.5,0,0.0,0.0,0.0,0.00,0
67,Petrović,4,1,4.6,102,4.0,3.3,3.0,0.00,2790
68,Dennis,4,1,4.0,0,0.0,0.0,0.0,0.00,0
69,McKenna,4,1,3.9,0,0.0,0.0,-1.0,0.00,0
70,Paulsen,4,1,4.0,0,0.0,0.0,0.0,0.00,0
71,Zabarnyi,4,2,5.0,0,0.0,0.0,0.0,0.00,0
72,Senesi,4,2,5.1,137,5.5,4.6,4.5,5.49,2658
73,Smith,4,2,4.4,38,4.0,2.1,3.0,0.20,804
74,Truffert,4,2,4.7,122,7.5,3.9,6.5,2.87,2748
75,Akinmboni,4,2,3.8,0,0.0,0.0,-1.0,0.00,0
76,Bevan,4,2,3.8,0,0.0,0.0,-1.0,0.00,0
77,Hill,4,2,4.2,82,3.5,3.7,2.5,1.71,1472
78,J.Araujo,4,2,3.8,0,0.0,0.0,0.0,0.00,0
79,Mepham,4,2,4.0,0,0.0,0.0,0.0,0.00,0
80,Soler,4,2,3.9,3,0.0,1.0,0.0,0.00,34
81,Kluivert,4,3,6.9,40,0.0,2.2,0.0,3.78,914
84,Tavernier,4,3,5.4,109,2.5,4.0,1.5,10.39,2122
85,Adams,4,3,4.9,60,0.0,3.3,-0.5,0.93,1412
86,Brooks,4,3,5.0,48,1.0,1.9,0.0,8.07,1041
87,Christie,4,3,4.9,42,7.0,2.0,6.0,2.15,711
88,Cook,4,3,4.9,38,0.0,2.4,-0.5,0.59,870
89,Philip,4,3,4.9,0,0.0,0.0,0.0,0.00,0
90,Scott,4,3,5.0,108,3.5,3.5,2.5,5.06,2308
91,Sinisterra,4,3,5.0,0,0.0,0.0,0.0,0.00,0
92,Faivre,4,3,4.5,0,0.0,0.0,0.0,0.00,0
93,H.Traorè,4,3,4.5,4,0.0,4.0,0.0,0.00,16
94,Sadi,4,3,4.5,0,0.0,0.0,0.0,0.00,0
95,Silcott-Duberry,4,3,4.4,0,0.0,0.0,0.0,0.00,0
96,Winterburn,4,3,4.5,1,0.0,1.0,0.0,0.00,6
97,Evanilson,4,4,6.8,94,3.5,3.2,2.5,9.43,2193
98,Enes Ünal,4,4,5.4,21,0.5,1.2,-0.5,1.91,173
99,Adu-Adjei,4,4,4.4,0,0.0,0.0,0.0,0.00,0
100,Kroupi.Jr,4,4,4.7,79,3.5,3.0,1.9,6.84,1148
391,Gannon-Doak,4,3,4.8,8,0.5,1.6,-0.5,0.19,56
685,Diakité,4,2,4.1,46,0.0,2.6,-1.0,0.21,1275
687,Rees-Dottin,4,3,4.3,0,0.0,0.0,-1.0,0.00,0
697,Adli,4,3,5.4,63,1.5,2.3,0.5,4.14,1024
713,A.Jimenez,4,2,4.5,64,0.5,2.4,-0.5,2.61,1956
721,Milosavljević,4,2,4.4,19,0.0,2.7,-1.0,0.34,367
756,DaCosta,4,3,4.5,0,0.0,0.0,-1.0,0.00,0
782,Forster,4,1,4.0,0,0.0,0.0,-1.0,0.00,0
799,Stevens,4,3,4.5,0,0.0,0.0,-1.0,0.00,0
801,Tóth.A,4,3,4.9,3,0.0,0.8,-1.0,0.31,71
806,Mandas,4,1,4.0,0,0.0,0.0,-1.0,0.00,0
807,Rayan,4,3,5.6,32,2.5,4.0,1.5,2.52,623
27,Nelson,5,3,4.8,7,0.5,1.0,0.5,0.75,55
83,O.Dango,5,3,6.0,106,4.5,4.2,4.5,8.67,1710
101,Kelleher,5,1,4.8,114,5.0,3.8,5.0,0.22,2700
102,Balcombe,5,1,3.9,0,0.0,0.0,0.0,0.00,0
103,Cox,5,1,3.9,0,0.0,0.0,0.0,0.00,0
104,Eyestone,5,1,3.9,0,0.0,0.0,0.0,0.00,0
105,Valdimarsson,5,1,3.8,1,0.0,1.0,0.0,0.00,90
106,Collins,5,2,4.9,105,3.0,3.8,3.0,2.93,2341
107,Lewis-Potter,5,2,4.8,89,5.0,3.1,5.0,3.51,1332
108,Ajer,5,2,4.4,70,0.0,2.9,0.0,1.41,1624
109,Henry,5,2,4.3,52,0.0,2.1,0.0,0.72,1322
110,Kayode,5,2,4.5,92,7.0,3.1,7.0,3.29,2628
111,Pinnock,5,2,4.2,14,5.0,3.5,5.0,0.07,318
112,Roerslev,5,2,4.5,0,0.0,0.0,0.0,0.00,0
113,Van den Berg,5,2,4.6,90,3.5,3.5,3.5,3.68,2303
114,Arthur,5,2,3.8,0,0.0,0.0,0.0,0.00,0
115,Fredrick,5,2,4.0,0,0.0,0.0,0.0,0.00,0
116,Hickey,5,2,4.0,33,0.0,1.8,0.0,0.57,588
117,Ji-soo,5,2,3.9,0,0.0,0.0,0.0,0.00,0
118,Meghoma,5,2,4.0,0,0.0,0.0,0.0,0.00,0
120,Schade,5,3,7.0,102,2.5,3.6,2.5,11.72,2206
121,Damsgaard,5,3,5.6,87,1.0,3.3,1.0,5.98,1566
122,Milambo,5,3,5.2,1,0.0,1.0,0.0,0.01,45
123,Carvalho,5,3,4.6,13,0.0,2.2,0.0,0.73,100
124,Henderson,5,3,5.0,75,3.5,2.6,3.5,2.58,1814
125,Janelt,5,3,4.9,70,0.0,3.2,0.0,2.70,1253
126,Jensen,5,3,4.9,72,3.5,2.5,3.5,6.05,1645
127,Nunes,5,3,4.9,0,0.0,0.0,0.0,0.00,0
128,Onyeka,5,3,4.8,12,0.0,2.0,0.0,0.36,88
129,Yarmoliuk,5,3,5.0,80,2.0,2.6,2.0,2.43,2126
130,Donovan,5,3,4.4,4,0.0,1.0,0.0,0.10,38
131,Konak,5,3,4.3,0,0.0,0.0,0.0,0.00,0
132,Maghoma,5,3,4.5,0,0.0,0.0,0.0,0.00,0
133,Peart-Harris,5,3,4.4,1,0.0,1.0,0.0,0.00,1
134,Trevitt,5,3,4.5,0,0.0,0.0,0.0,0.00,0
136,Thiago,5,4,7.3,153,5.0,4.9,5.0,19.20,2652
137,Morgan,5,4,4.4,0,0.0,0.0,0.0,0.00,0
748,Dasilva,5,3,4.9,0,0.0,0.0,0.0,0.00,0
797,Furo,5,4,4.5,0,0.0,0.0,0.0,0.00,0
810,Bentt,5,3,4.5,0,0.0,0.0,0.0,0.00,0
819,Shield,5,2,4.0,0,0.0,0.0,0.0,0.00,0
823,Stephenson,5,2,4.0,0,0.0,0.0,1.4,0.00,0
824,McManus,5,2,4.0,0,0.0,0.0,1.4,0.00,0
138,Steele,6,1,4.2,0,0.0,0.0,0.5,0.00,0
139,Verbruggen,6,1,4.5,101,5.0,3.3,5.5,0.05,2790
140,McGill,6,1,3.9,0,0.0,0.0,0.5,0.00,0
141,Rushworth,6,1,4.0,0,0.0,0.0,0.0,0.00,0
142,Scherpen,6,1,4.0,0,0.0,0.0,0.0,0.00,0
143,Boscagli,6,2,4.2,21,0.0,2.6,0.5,0.36,439
144,Coppola,6,2,4.2,10,0.0,2.0,0.0,0.01,193
145,De Cuyper,6,2,4.3,61,0.5,2.5,1.0,3.70,1145
146,Dunk,6,2,4.5,82,6.0,2.8,0.0,1.81,2565
147,Estupiñan,6,2,4.5,0,0.0,0.0,0.0,0.00,0
148,F.Kadıoğlu,6,2,4.4,86,5.0,2.9,5.5,3.98,2500
149,Igor,6,2,4.5,6,0.0,1.5,0.5,0.00,103
150,Lamptey,6,2,4.4,0,0.0,0.0,0.0,0.00,0
151,Van Hecke,6,2,4.5,120,6.5,4.1,7.0,3.33,2580
152,Veltman,6,2,4.3,36,1.0,1.9,1.5,1.11,842
153,Webster,6,2,4.4,0,0.0,0.0,0.0,0.00,0
154,Cashin,6,2,4.0,0,0.0,0.0,0.0,0.00,0
155,Slater,6,2,4.0,0,0.0,0.0,0.0,0.00,0
156,Tasker,6,2,3.8,0,0.0,0.0,0.5,0.00,0
157,Mitoma,6,3,6.1,51,0.5,2.5,1.0,5.68,1422
158,Georginio,6,3,5.6,70,0.5,2.8,1.0,4.46,1599
159,March,6,3,5.8,1,0.0,1.0,0.5,0.00,4
160,Minteh,6,3,5.5,95,5.0,3.5,5.5,7.06,1829
161,Enciso,6,3,5.4,0,0.0,0.0,0.0,0.00,0
162,Gruda,6,3,5.4,35,0.0,1.9,0.0,2.74,708
163,Hinshelwood,6,3,5.1,58,4.0,2.9,4.5,3.78,1170
164,O'Riley,6,3,5.5,14,0.5,3.5,1.0,1.39,186
165,Sima,6,3,5.4,0,0.0,0.0,0.0,0.00,0
166,Ayari,6,3,4.8,85,1.0,3.5,1.5,3.73,1720
167,Baleba,6,3,4.5,41,0.5,1.6,1.0,0.84,1275
169,Gomez,6,3,4.9,89,5.0,3.2,5.5,6.86,1928
170,Milner,6,3,4.9,34,2.5,1.8,3.0,1.68,714
171,Sarmiento,6,3,4.9,0,0.0,0.0,0.0,0.00,0
172,Watson,6,3,4.8,5,0.0,0.8,0.0,0.07,57
173,Wieffer,6,3,4.9,71,3.0,3.4,3.5,3.46,1569
174,Yalcouye,6,3,5.0,0,0.0,0.0,0.0,0.00,0
175,Knight,6,3,4.4,1,0.0,1.0,0.0,0.00,1
176,Mazilu,6,3,4.5,0,0.0,0.0,0.0,0.00,0
177,Moran,6,3,4.5,0,0.0,0.0,0.0,0.00,0
178,Welbeck,6,4,6.2,106,7.0,3.5,7.5,11.56,1817
179,Ferguson,6,4,5.5,0,0.0,0.0,0.0,0.00,0
180,Tzimas,6,4,5.2,16,0.0,1.8,0.0,0.55,132
181,Kostoulas,6,4,4.8,30,0.0,1.9,0.5,1.93,292
744,Oriola,6,3,4.5,1,0.0,1.0,0.5,0.00,1
761,Simmonds,6,2,4.0,0,0.0,0.0,0.5,0.00,0
783,Groß,6,3,5.5,43,5.0,3.6,5.5,3.17,1006
795,Howell,6,3,4.5,4,0.0,1.3,0.5,0.03,92
220,Sánchez,7,1,4.8,102,2.5,3.5,2.5,0.04,2524
221,Jörgensen,7,1,4.3,6,0.0,2.0,0.0,0.00,264
222,Penders,7,1,4.0,0,0.0,0.0,0.0,0.00,0
223,Slonina,7,1,3.9,0,0.0,0.0,0.0,0.00,0
224,Cucurella,7,2,6.0,94,1.5,3.5,1.5,4.70,2076
225,James,7,2,5.6,113,1.0,4.2,0.5,4.17,1892
226,Chalobah,7,2,5.4,131,1.0,4.5,0.0,2.31,2550
227,Colwill,7,2,4.7,0,0.0,0.0,0.0,0.00,0
228,Gusto,7,2,4.9,91,1.0,3.2,1.0,3.34,1734
229,B.Badiashile,7,2,4.4,7,0.0,0.9,0.0,0.06,470
230,Fofana,7,2,4.4,55,2.5,2.9,2.5,1.18,1272
231,M.Sarr,7,2,4.5,2,0.0,1.0,0.0,0.35,91
232,Tosin,7,2,4.0,34,0.5,2.3,0.5,0.50,743
233,Acheampong,7,2,3.7,33,0.0,2.8,0.0,0.73,567
234,Anselmino,7,2,4.0,0,0.0,0.0,0.0,0.00,0
235,Palmer,7,3,10.6,96,2.0,4.8,2.0,10.48,1416
236,Neto,7,3,7.0,108,1.0,3.7,1.0,9.99,2207
237,Enzo,7,3,6.5,129,2.0,4.3,0.0,16.37,2577
238,Estêvão,7,3,6.4,56,0.5,2.8,0.5,4.95,758
239,Gittens,7,3,6.0,25,0.0,1.6,0.0,1.75,486
240,Nkunku,7,3,5.9,0,0.0,0.0,0.0,0.00,0
241,Caicedo,7,3,5.7,96,1.5,3.7,1.5,3.34,2181
244,Lavia,7,3,4.9,8,1.0,1.0,1.0,0.25,220
245,Mudryk,7,3,4.9,0,0.0,0.0,0.0,0.00,0
246,Andrey Santos,7,3,4.5,32,0.5,1.4,0.5,2.51,997
247,D.Essugo,7,3,4.3,0,0.0,0.0,0.0,0.00,0
248,Paez,7,3,4.5,0,0.0,0.0,0.0,0.00,0
249,João Pedro,7,4,7.8,164,2.0,5.3,2.0,15.39,2307
250,Delap,7,4,6.2,38,1.0,1.7,1.0,4.16,784
251,N.Jackson,7,4,6.5,0,0.0,0.0,0.0,0.00,0
252,Marc Guiu,7,4,4.0,12,0.0,1.3,0.0,1.75,247
453,Garnacho,7,3,6.4,51,1.0,2.5,1.0,6.69,1118
672,Hato,7,2,4.6,12,1.0,0.8,1.0,0.78,638
743,Emenalo,7,3,4.5,0,0.0,0.0,0.0,0.00,0
789,Merrick,7,1,4.0,0,0.0,0.0,0.0,0.00,0
803,Sharman-Lowe,7,1,4.0,0,0.0,0.0,0.0,0.00,0
253,Henderson,8,1,5.1,115,0.0,4.0,0.0,0.10,2610
254,Benitez,8,1,3.9,7,7.0,7.0,7.0,0.00,90
255,Matthews,8,1,3.9,0,0.0,0.0,0.0,0.00,0
256,Muñoz,8,2,5.8,109,0.0,5.2,0.0,5.32,1779
257,Lacroix,8,2,5.1,128,9.0,4.6,9.0,2.88,2485
258,Mitchell,8,2,5.0,114,6.0,3.8,6.0,2.69,2668
259,Sosa,8,2,4.8,5,0.0,1.0,0.0,0.06,53
261,Richards,8,2,4.4,114,10.0,4.4,10.0,2.57,2332
262,Chadi Riad,8,2,4.0,14,0.0,2.3,0.0,0.16,312
263,Clyne,8,2,3.8,15,0.0,1.9,0.0,1.03,494
264,Holding,8,2,4.0,0,0.0,0.0,0.0,0.00,0
265,Kporha,8,2,4.0,0,0.0,0.0,0.0,0.00,0
267,Sarr,8,3,6.3,93,3.0,4.7,3.0,8.67,1726
268,Doucouré,8,3,4.9,0,0.0,0.0,0.0,0.00,0
269,Esse,8,3,4.7,4,0.0,1.0,0.0,0.04,40
270,Hughes,8,3,4.7,39,0.0,1.4,0.0,2.79,1290
271,Kamada,8,3,5.0,53,1.0,2.6,1.0,3.49,1479
272,Lerma,8,3,4.9,54,3.0,2.2,3.0,2.00,1246
273,Wharton,8,3,5.0,91,1.0,3.4,1.0,7.34,2165
274,Agbinone,8,3,4.3,0,0.0,0.0,0.0,0.00,0
275,Ahamada,8,3,4.3,0,0.0,0.0,0.0,0.00,0
276,Devenny,8,3,4.3,29,0.0,1.6,0.0,2.74,593
277,Ebiowei,8,3,4.5,0,0.0,0.0,0.0,0.00,0
278,J.Rak-Sakyi,8,3,4.4,0,0.0,0.0,0.0,0.00,0
279,M.França,8,3,4.5,0,0.0,0.0,0.0,0.00,0
280,Ozoh,8,3,4.5,0,0.0,0.0,0.0,0.00,0
281,Rodney,8,3,4.4,1,0.0,1.0,0.0,0.00,3
282,Umeh,8,3,4.5,0,0.0,0.0,0.0,0.00,0
283,Mateta,8,4,7.5,85,1.0,3.5,1.0,13.25,1934
284,Nketiah,8,4,5.4,23,0.0,1.9,0.0,2.23,414
285,Édouard,8,4,5.0,1,0.0,1.0,0.0,0.00,2
286,Marsh,8,4,4.4,0,0.0,0.0,0.0,0.00,0
580,Johnson,8,3,6.5,53,2.0,2.0,2.0,2.75,1224
654,Strand Larsen,8,4,6.0,62,1.0,2.2,1.0,4.85,1865
677,Guessand,8,3,6.2,42,3.0,2.2,3.0,2.31,880
690,Cardines,8,3,4.4,0,0.0,0.0,0.0,0.00,0
712,Yeremy,8,3,5.8,66,1.0,2.4,1.0,8.74,1716
723,Canvot,8,2,4.5,48,11.0,3.7,11.0,1.02,701
732,Uche,8,4,5.5,17,0.0,1.2,0.0,0.50,159
762,Drakes-Thomas,8,3,4.5,2,0.0,1.0,0.0,0.00,7
773,Benamar,8,2,4.0,0,0.0,0.0,0.0,0.00,0
780,Casey,8,4,4.5,0,0.0,0.0,0.0,0.00,0
793,King,8,2,4.0,0,0.0,0.0,0.0,0.00,0
798,Imray,8,2,4.0,0,0.0,0.0,0.0,0.00,0
242,Dewsbury-Hall,9,3,5.1,117,2.5,4.9,2.5,7.36,2006
243,George,9,3,4.8,10,0.5,1.1,0.5,0.59,245
287,Pickford,9,1,5.6,126,4.5,4.1,4.5,0.15,2790
288,Travers,9,1,4.3,0,0.0,0.0,0.0,0.00,0
289,Tyrer,9,1,3.9,0,0.0,0.0,0.0,0.00,0
290,Branthwaite,9,2,5.3,25,0.5,3.1,0.5,0.37,502
291,Tarkowski,9,2,5.7,142,3.0,4.7,3.0,3.40,2700
292,Mykolenko,9,2,4.9,84,4.0,3.2,4.0,2.58,2329
293,O'Brien,9,2,4.9,102,4.5,3.4,4.5,1.67,2546
294,Coleman,9,2,4.2,3,0.0,1.0,0.0,0.00,11
295,Keane,9,2,4.6,118,5.5,4.4,5.5,2.17,2135
296,Patterson,9,2,4.4,21,0.0,3.5,0.0,0.07,237
297,Dixon,9,2,3.8,0,0.0,0.0,0.0,0.00,0
298,Welch,9,2,3.8,0,0.0,0.0,0.0,0.00,0
299,Ndiaye,9,3,6.2,112,6.0,4.5,4.5,9.16,2151
300,McNeil,9,3,5.5,46,3.0,2.6,3.0,1.91,943
301,Alcaraz,9,3,5.2,26,0.0,1.6,0.0,1.48,667
302,Gana,9,3,5.4,74,6.0,3.4,6.0,2.58,1846
303,Garner,9,3,5.3,139,5.0,4.5,5.0,6.96,2783
304,Iroegbunam,9,3,4.8,57,2.0,2.5,2.0,1.02,1101
305,Armstrong,9,3,4.5,19,0.5,1.7,0.5,1.00,495
306,Bates,9,3,4.3,0,0.0,0.0,0.0,0.00,0
307,Ebere,9,3,4.4,0,0.0,0.0,0.0,0.00,0
308,Heath,9,3,4.5,0,0.0,0.0,0.0,0.00,0
309,Metcalfe,9,3,4.5,0,0.0,0.0,0.0,0.00,0
310,Barry,9,4,5.7,76,1.0,2.5,1.0,6.50,1629
311,Beto,9,4,5.0,76,9.0,2.5,9.0,7.37,1196
312,Y.Chermiti,9,4,4.9,0,0.0,0.0,0.0,0.00,0
313,Sherif,9,4,4.4,0,0.0,0.0,0.0,0.00,0
419,Grealish,9,3,6.3,79,0.0,4.0,0.0,5.41,1627
630,King,9,1,3.9,0,0.0,0.0,0.0,0.00,0
667,Aznou,9,2,4.2,0,0.0,0.0,0.0,0.00,0
704,Onyango,9,3,4.5,0,0.0,0.0,0.0,0.00,0
705,Campbell,9,2,3.9,0,0.0,0.0,0.0,0.00,0
707,Dibling,9,3,5.3,18,0.0,1.3,0.0,0.34,349
728,Röhl,9,3,5.0,18,1.0,1.5,1.0,0.71,358
779,Graham,9,4,4.5,0,0.0,0.0,0.0,0.00,0
314,Leno,10,1,4.9,89,5.0,2.9,4.5,0.00,2790
315,Benda,10,1,4.0,0,0.0,0.0,0.0,0.00,0
316,Robinson,10,2,4.9,40,3.0,2.7,2.5,1.52,1041
317,Andersen,10,2,4.6,104,5.5,3.7,5.0,2.83,2471
318,Bassey,10,2,4.4,77,5.5,3.3,3.8,1.90,1902
319,Castagne,10,2,4.3,32,1.0,1.4,0.5,1.86,1216
320,Diop,10,2,4.3,13,0.0,1.3,-0.5,0.06,592
321,J.Cuenca,10,2,4.3,39,0.0,2.8,-0.5,0.58,931
322,Tete,10,2,4.5,81,3.0,3.7,1.9,2.38,1791
323,Amissah,10,2,3.8,0,0.0,0.0,-0.5,0.00,0
324,Iwobi,10,3,6.4,95,2.0,3.8,1.5,5.37,2132
325,Smith Rowe,10,3,5.6,65,0.5,2.2,0.0,5.21,1452
327,Andreas,10,3,5.3,0,0.0,0.0,0.0,0.00,0
328,Sessegnon,10,3,5.4,80,1.0,3.3,0.5,2.91,1635
329,Wilson,10,3,6.1,152,6.0,5.2,5.5,9.30,2262
330,Berge,10,3,4.9,80,3.5,2.6,3.0,2.46,2589
331,Cairney,10,3,4.8,29,0.5,1.4,0.0,1.31,545
332,Lukić,10,3,4.9,51,0.5,2.5,0.0,3.17,1235
333,Godo,10,3,4.5,0,0.0,0.0,0.0,0.00,0
334,Harris,10,3,4.5,0,0.0,0.0,0.0,0.00,0
335,King,10,3,4.4,57,8.0,2.3,7.5,2.84,1127
336,Reed,10,3,4.3,13,0.5,2.2,0.0,0.49,26
337,Raúl,10,4,6.2,104,3.5,3.5,3.0,11.92,1972
338,Muniz,10,4,5.3,25,1.5,1.8,1.0,1.96,574
424,Bobb,10,3,5.1,32,2.5,2.0,2.0,2.57,759
664,Lecomte,10,1,3.9,0,0.0,0.0,-0.5,0.00,0
727,Chukwueze,10,3,5.3,52,1.0,3.1,0.5,4.93,800
731,Kevin,10,3,5.8,43,0.0,1.9,0.0,2.52,898
737,Kusi-Asare,10,4,4.5,4,0.0,0.8,-0.5,0.07,30
770,Ridgeon,10,3,4.5,0,0.0,0.0,-0.5,0.00,0
786,McNally,10,1,4.0,0,0.0,0.0,-0.5,0.00,0
168,Buonanotte,11,3,4.6,2,0.0,0.7,-0.5,0.14,69
339,Meslier,11,1,4.1,0,0.0,0.0,-0.5,0.00,0
340,Cairns,11,1,3.9,0,0.0,0.0,-0.5,0.00,0
341,Darlow,11,1,3.9,42,6.0,2.8,5.5,0.04,1350
342,Bogle,11,2,4.4,76,3.0,2.6,2.5,3.70,2403
343,Struijk,11,2,4.3,93,6.5,3.3,6.0,3.29,2430
344,Bijol,11,2,3.9,66,9.0,3.7,8.5,1.43,1306
345,Bornauw,11,2,3.8,17,0.0,1.9,-0.5,0.01,304
346,Byram,11,2,3.7,1,0.0,1.0,-0.5,0.00,7
347,Gudmundsson,11,2,3.8,59,-1.0,2.0,-1.1,3.13,2367
348,Rodon,11,2,3.9,99,7.0,3.4,4.9,1.60,2546
349,Schmidt,11,2,4.0,0,0.0,0.0,0.0,0.00,0
350,Aaronson,11,3,5.4,109,2.0,3.6,1.5,7.13,1975
351,Gnonto,11,3,5.1,22,0.0,1.4,-0.5,0.85,377
352,Harrison,11,3,5.1,12,0.0,1.1,0.0,0.51,262
353,James,11,3,5.2,18,0.5,1.2,0.0,1.30,405
354,Ampadu,11,3,4.9,102,5.0,3.6,4.5,3.77,2489
355,Greenwood,11,3,4.9,0,0.0,0.0,0.0,0.00,0
356,Gruev,11,3,4.7,54,0.5,2.6,0.0,1.31,1290
357,Ramazani,11,3,4.9,0,0.0,0.0,0.0,0.00,0
358,Tanaka,11,3,4.8,44,0.5,2.1,0.0,1.50,759
359,Crew,11,3,4.5,0,0.0,0.0,0.0,0.00,0
360,Gelhardt,11,3,4.5,0,0.0,0.0,0.0,0.00,0
361,Gyabi,11,3,4.5,0,0.0,0.0,0.0,0.00,0
362,Piroe,11,4,4.9,14,0.0,1.1,-0.5,0.94,215
363,Bamford,11,4,4.9,0,0.0,0.0,0.0,0.00,0
364,Mateo Joseph,11,4,5.0,0,0.0,0.0,0.0,0.00,0
365,Nmecha,11,4,5.0,66,1.5,2.6,1.0,7.14,866
493,Longstaff,11,3,4.8,44,0.0,2.6,-0.5,2.31,943
660,Stach,11,3,4.8,122,4.0,4.7,2.6,6.79,2135
665,Perri,11,1,4.4,43,0.0,2.7,-0.5,0.00,1440
691,Calvert-Lewin,11,4,5.6,110,1.0,3.9,0.5,12.32,2113
698,Okafor,11,3,5.5,68,0.5,2.8,0.0,5.20,1287
706,Justin,11,2,3.9,61,6.0,2.8,5.5,1.98,1263
741,Gray,11,4,4.5,0,0.0,0.0,0.0,0.00,0
787,Chambers,11,3,4.4,0,0.0,0.0,-0.5,0.00,0
366,A.Becker,12,1,5.4,89,2.0,3.6,0.0,0.03,2250
367,Mamardashvili,12,1,4.1,21,1.0,3.5,1.5,0.00,540
368,Pécsi,12,1,3.8,0,0.0,0.0,0.5,0.00,0
369,Woodman,12,1,3.9,0,0.0,0.0,0.5,0.00,0
370,Frimpong,12,2,5.7,51,3.0,3.4,3.5,1.67,747
371,Kerkez,12,2,5.6,79,3.5,2.8,4.0,2.12,2026
372,Robertson,12,2,5.7,37,1.5,1.9,2.0,1.34,764
373,Virgil,12,2,6.3,135,2.5,4.4,3.0,3.84,2790
374,Konaté,12,2,5.5,111,0.0,3.8,0.5,1.96,2480
375,Bradley,12,2,4.9,42,0.0,2.8,0.0,1.02,928
376,Gomez,12,2,4.9,30,1.0,1.9,1.5,0.85,491
377,Tsimikas,12,2,4.8,0,0.0,0.0,0.0,0.00,0
378,Nallo,12,2,3.7,0,0.0,0.0,0.5,0.00,0
379,R.Williams,12,2,3.7,0,0.0,0.0,0.5,0.00,0
380,Ramsay,12,2,3.7,0,0.0,0.0,0.5,0.00,0
381,M.Salah,12,3,14.0,97,0.5,4.4,1.0,11.42,1818
382,Wirtz,12,3,8.3,105,2.5,3.9,3.0,10.03,2003
383,Luis Díaz,12,3,8.0,0,0.0,0.0,0.0,0.00,0
384,Gakpo,12,3,7.3,106,2.5,3.7,3.0,10.85,2144
385,Chiesa,12,3,6.3,34,0.5,1.5,1.0,1.97,277
386,Mac Allister,12,3,6.3,85,4.5,2.8,5.0,4.62,2176
387,Szoboszlai,12,3,7.1,123,7.0,4.2,7.5,9.00,2602
388,C.Jones,12,3,5.4,54,3.5,2.0,4.0,3.83,1342
390,Gravenberch,12,3,5.5,124,2.5,4.3,3.0,3.67,2518
392,Endo,12,3,4.9,12,0.0,1.5,0.0,0.09,170
393,Bajcetic,12,3,4.2,0,0.0,0.0,0.0,0.00,0
394,McConnell,12,3,4.4,0,0.0,0.0,0.0,0.00,0
395,Morton,12,3,4.5,0,0.0,0.0,0.0,0.00,0
396,Nyoni,12,3,4.3,4,0.5,1.0,1.0,0.38,13
397,Darwin,12,4,6.5,0,0.0,0.0,0.0,0.00,0
398,Danns,12,4,4.3,0,0.0,0.0,0.0,0.00,0
499,Isak,12,4,10.3,29,0.0,2.9,0.5,2.11,501
661,Ekitiké,12,4,9.3,125,1.0,4.5,1.5,12.55,1797
686,Ngumoha,12,3,4.3,20,2.0,1.5,2.5,2.13,218
692,Leoni,12,2,4.9,0,0.0,0.0,0.0,0.00,0
746,Morrison,12,3,4.5,0,0.0,0.0,0.5,0.00,0
760,Lucky,12,2,4.0,0,0.0,0.0,0.5,0.00,0
82,Semenyo,13,3,8.2,174,2.0,6.0,2.0,12.26,2590
182,Trafford,13,1,4.5,11,0.0,3.7,0.0,0.00,270
260,Guéhi,13,2,5.1,135,2.0,4.8,2.0,5.58,2520
399,Ederson M.,13,1,5.3,0,0.0,0.0,0.0,0.00,0
401,Bettinelli,13,1,3.8,0,0.0,0.0,0.0,0.00,0
402,Aït-Nouri,13,2,5.7,44,1.0,3.4,1.0,2.01,778
403,Gvardiol,13,2,5.9,77,0.0,4.8,0.0,2.83,1301
404,Akanji,13,2,5.4,0,0.0,0.0,0.0,0.00,0
405,Aké,13,2,5.2,27,0.0,1.9,0.0,0.72,487
406,Khusanov,13,2,5.4,35,2.0,2.3,2.0,0.57,887
407,Matheus N.,13,2,5.3,128,2.0,4.7,2.0,2.17,2264
408,Rúben,13,2,5.5,112,0.0,4.5,0.0,1.20,2049
409,Stones,13,2,5.4,12,0.0,1.7,0.0,0.06,351
410,Lewis,13,2,4.6,19,0.0,1.9,0.0,1.42,311
411,O'Reilly,13,2,5.0,125,2.0,4.5,2.0,5.70,2130
412,Vitor Reis,13,2,5.0,0,0.0,0.0,0.0,0.00,0
413,Marmoush,13,3,8.3,40,3.0,2.4,3.0,2.90,566
414,Foden,13,3,8.0,112,1.0,4.3,1.0,9.32,1808
415,Savinho,13,3,6.9,27,0.0,1.6,0.0,2.96,561
416,Bernardo,13,3,6.2,81,9.0,2.7,9.0,4.99,2242
417,Cherki,13,3,6.3,100,1.0,4.0,1.0,9.43,1297
418,Doku,13,3,6.4,74,1.0,3.4,1.0,6.45,1222
420,Gündoğan,13,3,6.3,0,0.0,0.0,0.0,0.00,0
421,Rodrigo,13,3,6.3,57,4.0,3.2,4.0,2.89,1243
422,Kovačić,13,3,5.8,1,0.0,1.0,0.0,0.00,4
423,N.Gonzalez,13,3,5.9,55,0.0,2.6,0.0,1.56,1370
425,Echeverri,13,3,5.4,0,0.0,0.0,0.0,0.00,0
427,Reijnders,13,3,5.0,86,1.0,3.3,1.0,6.23,1488
428,Nypan,13,3,5.0,0,0.0,0.0,0.0,0.00,0
429,Phillips,13,3,4.7,0,0.0,0.0,0.0,0.00,0
430,Haaland,13,4,14.4,197,2.0,6.8,2.0,23.00,2413
736,Donnarumma,13,1,5.6,104,2.0,3.9,2.0,0.00,2430
739,Mukasa,13,3,4.4,2,0.0,1.0,0.0,0.21,25
740,Mfuni,13,2,3.9,0,0.0,0.0,0.0,0.00,0
742,McAidoo,13,3,4.5,0,0.0,0.0,0.0,0.00,0
763,Gray,13,3,4.5,0,0.0,0.0,0.0,0.00,0
764,Heskey,13,3,4.5,0,0.0,0.0,0.0,0.00,0
794,Alleyne,13,2,3.9,5,0.0,2.5,0.0,0.32,135
119,Mbeumo,14,3,8.6,122,2.0,4.7,2.5,12.24,2191
431,Bayindir,14,1,4.7,11,0.0,1.8,0.5,0.05,540
432,Onana,14,1,4.9,0,0.0,0.0,0.0,0.00,0
433,Harrison,14,1,4.0,0,0.0,0.0,0.0,0.00,0
434,Heaton,14,1,3.8,0,0.0,0.0,0.5,0.00,0
435,Mee,14,1,3.9,0,0.0,0.0,0.5,0.00,0
436,De Ligt,14,2,4.9,43,0.0,3.3,0.0,2.21,1170
437,Martinez,14,2,4.8,39,0.0,2.8,0.2,0.56,904
438,Mazraoui,14,2,4.9,28,0.0,1.9,0.5,0.44,610
439,D.Leon,14,2,4.1,0,0.0,0.0,0.5,0.00,0
440,Dalot,14,2,4.6,98,1.5,3.4,2.0,3.93,2229
441,Dorgu,14,2,4.1,74,0.0,3.4,0.0,3.28,1329
442,Maguire,14,2,4.4,63,0.5,3.5,0.0,1.00,1199
443,Shaw,14,2,4.5,77,3.5,2.5,4.0,2.01,2617
444,Yoro,14,2,4.1,50,2.0,1.8,2.5,1.54,1606
445,Amass,14,2,4.0,0,0.0,0.0,0.0,0.00,0
446,Fredricson,14,2,3.7,1,0.0,1.0,0.5,0.00,2
447,Heaven,14,2,3.7,28,0.5,2.0,1.0,0.51,650
448,Malacia,14,2,3.7,2,0.0,1.0,0.5,0.00,7
449,B.Fernandes,14,3,10.3,189,11.5,6.8,12.0,19.35,2435
450,Cunha,14,3,8.0,117,7.0,4.2,7.5,8.45,2068
451,Rashford,14,3,7.0,0,0.0,0.0,0.0,0.00,0
452,Amad,14,3,6.2,74,2.0,3.0,2.5,8.08,1916
454,Antony,14,3,5.9,0,0.0,0.0,0.0,0.00,0
455,Mount,14,3,5.9,47,0.5,2.6,1.0,2.94,813
457,Casemiro,14,3,5.7,134,3.5,4.6,4.0,7.58,2135
458,Mainoo,14,3,4.6,45,3.0,2.0,3.5,1.07,1113
459,Ugarte,14,3,4.7,34,1.0,1.6,1.5,0.65,786
460,Collyer,14,3,4.5,0,0.0,0.0,0.0,0.00,0
461,Fitzgerald,14,3,4.3,0,0.0,0.0,0.5,0.00,0
462,J.Fletcher,14,3,4.3,3,0.0,1.0,0.5,0.05,107
463,Kone,14,3,4.3,0,0.0,0.0,0.0,0.00,0
464,Moorhouse,14,3,4.5,0,0.0,0.0,0.0,0.00,0
465,Højlund,14,4,6.3,0,0.0,0.0,0.0,0.00,0
466,Zirkzee,14,4,5.8,37,0.0,2.1,0.5,2.50,509
467,Obi,14,4,4.2,0,0.0,0.0,0.5,0.00,0
468,Wheatley,14,4,4.5,0,0.0,0.0,0.0,0.00,0
681,Šeško,14,4,7.4,94,2.5,3.6,3.0,7.41,1329
733,Lammens,14,1,5.1,76,2.0,3.0,2.5,0.00,2250
755,Lacey,14,3,4.5,2,0.0,1.0,0.5,0.07,12
769,Bendito Mantato,14,3,4.5,1,0.0,1.0,0.5,0.01,15
771,Fletcher,14,3,4.4,1,0.0,1.0,0.5,0.01,1
788,Kukonki,14,2,4.0,0,0.0,0.0,0.5,0.00,0
52,J.Ramsey,15,3,5.3,39,2.5,1.9,2.5,1.95,1074
135,Wissa,15,4,7.3,20,0.5,1.5,0.5,2.48,422
469,Pope,15,1,5.0,82,0.0,3.7,0.0,0.16,1966
471,Gillespie,15,1,3.9,0,0.0,0.0,0.0,0.00,0
472,Odysseas,15,1,4.0,0,0.0,0.0,0.0,0.00,0
473,Hall,15,2,5.4,72,3.0,3.0,3.0,3.28,1749
474,Schär,15,2,5.2,51,0.0,3.2,0.0,1.57,1089
475,Botman,15,2,4.9,65,5.5,3.6,1.4,1.78,1204
476,Burn,15,2,5.0,78,2.0,3.4,2.0,0.71,1811
477,Livramento,15,2,4.9,56,3.5,3.7,3.5,0.96,1163
478,Trippier,15,2,4.9,50,1.0,2.8,1.0,2.04,1456
479,Krafth,15,2,4.3,0,0.0,0.0,0.0,0.00,45
480,Lascelles,15,2,4.3,1,0.0,0.5,0.0,0.04,19
481,A.Murphy,15,2,3.8,1,0.0,1.0,0.0,0.00,1
482,Ashby,15,2,3.9,0,0.0,0.0,0.0,0.00,0
483,Pivas,15,2,3.8,0,0.0,0.0,0.0,0.00,0
484,Targett,15,2,4.0,0,0.0,0.0,0.0,0.00,0
485,Gordon,15,3,7.4,98,10.5,3.9,10.5,12.08,1728
486,Elanga,15,3,6.5,42,1.5,1.6,1.5,3.12,1207
487,Barnes,15,3,6.1,83,2.5,2.8,2.5,8.09,1648
488,Bruno G.,15,3,6.8,134,0.0,5.8,0.0,8.44,2019
489,J.Murphy,15,3,5.9,65,2.0,2.5,2.0,5.32,1236
490,Joelinton,15,3,5.9,66,2.0,2.8,2.0,3.23,1687
491,Tonali,15,3,5.3,71,0.0,2.4,0.0,3.91,2037
492,Antoñito C.,15,3,4.9,0,0.0,0.0,0.0,0.00,0
494,Willock,15,3,5.0,28,3.5,1.4,3.5,1.45,693
495,Hayden,15,3,4.5,0,0.0,0.0,0.0,0.00,0
496,Kuol,15,3,4.4,0,0.0,0.0,0.0,0.00,0
497,L.Miley,15,3,4.4,58,0.0,3.1,0.0,3.36,1133
498,White,15,3,4.5,0,0.0,0.0,0.0,0.00,0
500,Osula,15,4,5.4,31,0.5,1.8,0.5,0.74,281
501,Neave,15,4,4.3,0,0.0,0.0,0.0,0.00,0
674,Ramsdale,15,1,4.8,23,4.5,2.3,4.5,0.00,823
684,Thiaw,15,2,5.1,114,4.5,4.1,4.5,4.62,2333
689,Seung soo,15,3,4.3,0,0.0,0.0,0.0,0.00,0
714,Woltemade,15,4,6.7,93,3.5,3.4,3.5,7.23,1660
753,Ruddy,15,1,4.0,0,0.0,0.0,0.0,0.00,0
765,Shahar,15,2,4.0,0,0.0,0.0,0.0,0.00,0
772,Alabi,15,3,4.5,0,0.0,0.0,0.0,0.00,0
12,Zinchenko,16,2,4.9,7,0.0,1.4,0.0,0.43,352
400,Ortega Moreno,16,1,4.7,11,0.0,3.7,0.0,0.01,270
426,McAtee,16,3,5.0,9,1.0,0.9,1.0,0.20,173
502,Sels,16,1,4.6,77,6.5,3.2,6.5,0.06,2037
503,C.Miguel,16,1,4.0,0,0.0,0.0,0.0,0.00,0
504,Turner,16,1,4.0,0,0.0,0.0,0.0,0.00,0
505,Milenković,16,2,5.1,96,7.5,3.1,7.5,1.27,2790
506,Murillo,16,2,5.2,83,7.0,3.6,7.0,1.06,1999
507,Aina,16,2,4.7,54,8.0,3.6,8.0,1.05,1319
508,N.Williams,16,2,4.7,104,10.0,3.5,10.0,5.00,2618
509,David Carmo,16,2,4.5,0,0.0,0.0,0.0,0.00,0
510,Jair Cunha,16,2,4.2,5,0.0,1.7,0.0,0.14,214
511,Morato,16,2,4.3,35,0.0,2.3,0.0,0.91,938
512,O.Richards,16,2,4.5,0,0.0,0.0,0.0,0.00,0
513,Abbott,16,2,3.8,2,0.0,1.0,0.0,0.01,120
514,Boly,16,2,3.8,0,0.0,0.0,0.0,0.00,0
515,Gibbs-White,16,3,7.4,133,5.5,4.3,5.5,10.45,2640
516,Hudson-Odoi,16,3,5.7,81,3.5,2.8,3.5,5.41,1748
517,Anderson,16,3,5.5,138,3.5,4.5,3.5,6.04,2773
518,Jota,16,3,5.4,1,0.0,1.0,0.0,0.00,11
519,Dominguez,16,3,5.0,38,1.0,1.9,1.0,1.59,932
520,O'Brien,16,3,5.0,0,0.0,0.0,0.0,0.00,0
521,Sangaré,16,3,4.9,75,3.5,3.3,3.5,2.82,1764
522,Yates,16,3,4.7,20,1.0,1.2,1.0,0.41,404
523,Da Silva Moreira,16,3,4.5,0,0.0,0.0,0.0,0.00,0
524,Stamenic,16,3,4.5,0,0.0,0.0,0.0,0.00,0
525,Wood,16,4,7.1,25,0.0,3.1,0.0,2.92,538
526,Igor Jesus,16,4,5.8,81,5.0,2.7,5.0,5.56,1794
527,Awoniyi,16,4,5.2,20,2.5,1.7,2.5,2.46,268
669,Ndoye,16,3,5.5,49,1.0,2.1,1.0,2.56,1166
675,Gunn,16,1,4.0,1,0.0,1.0,0.0,0.00,45
693,Hutchinson,16,3,5.4,64,2.0,2.7,2.0,4.88,1277
696,Kalimuendo,16,4,6.0,9,0.0,1.0,0.0,0.46,89
715,John,16,1,4.0,11,0.0,2.2,0.0,0.00,437
716,Savona,16,2,4.5,39,0.0,2.8,0.0,1.79,1025
729,Cuiabano,16,2,4.5,0,0.0,0.0,0.0,0.00,0
734,Bakwa,16,3,5.9,14,0.0,1.4,0.0,1.18,342
805,Lucca,16,4,5.5,8,0.0,2.7,0.0,0.73,119
814,Netz,16,2,4.5,2,0.0,1.0,0.0,0.36,48
528,Patterson,17,1,4.2,0,0.0,0.0,0.0,0.00,0
529,Moore,17,1,3.9,0,0.0,0.0,0.0,0.00,0
530,Nna Noukeu,17,1,3.9,0,0.0,0.0,0.0,0.00,0
531,Ballard,17,2,4.7,118,2.0,4.5,1.5,3.00,2004
532,Hume,17,2,4.5,88,1.5,2.8,1.5,3.43,2579
533,Alese,17,2,4.0,0,0.0,0.0,0.0,0.00,0
534,Anderson,17,2,3.8,0,0.0,0.0,0.0,0.00,0
535,Cirkin,17,2,4.0,14,0.5,2.0,0.5,0.09,301
536,Hjelde,17,2,4.0,0,0.0,0.0,0.0,0.00,0
537,Huggins,17,2,4.0,0,0.0,0.0,0.0,0.00,0
538,Johnson,17,2,3.8,0,0.0,0.0,0.0,0.00,0
539,O'Nien,17,2,4.0,10,1.5,1.2,1.5,0.03,228
540,Pembele,17,2,3.9,0,0.0,0.0,0.0,0.00,0
541,Reinildo,17,2,3.8,51,0.0,2.8,0.0,0.59,1428
542,Seelt,17,2,4.0,2,0.0,1.0,0.0,0.01,133
543,Adingra,17,3,4.9,34,0.0,2.4,0.0,0.97,649
544,Diarra,17,3,5.3,51,3.5,3.6,3.5,2.82,1099
545,Roberts,17,3,5.4,1,0.0,1.0,0.0,0.05,27
546,Aleksić,17,3,4.9,0,0.0,0.0,0.0,0.00,0
547,E.Le Fée,17,3,4.9,108,0.5,3.7,0.5,7.99,2300
548,Mundle,17,3,4.9,14,0.0,1.0,0.0,1.35,399
549,Neil,17,3,4.8,3,0.0,1.0,0.0,0.00,13
550,Poveda,17,3,4.7,0,0.0,0.0,0.0,0.00,0
551,Rigg,17,3,4.7,21,2.5,1.6,2.5,1.31,556
552,Sadiki,17,3,4.9,61,1.5,2.3,1.5,1.65,2294
553,Talbi,17,3,4.9,75,5.0,3.3,5.0,2.95,1320
554,Ba,17,3,4.3,0,0.0,0.0,0.0,0.00,0
555,Browne,17,3,4.5,0,0.0,0.0,0.0,0.00,0
556,Ekwah,17,3,4.5,0,0.0,0.0,0.0,0.00,0
557,H.Jones,17,3,4.3,0,0.0,0.0,0.0,0.00,0
558,Matete,17,3,4.3,0,0.0,0.0,0.0,0.00,0
559,Triantis,17,3,4.4,0,0.0,0.0,0.0,0.00,0
560,Isidor,17,4,5.0,60,0.0,2.3,0.0,3.90,1056
561,Mayenda,17,4,5.2,39,1.0,2.1,1.0,2.35,750
562,Abdullahi,17,4,4.2,0,0.0,0.0,0.0,0.00,0
563,Luís Hemir,17,4,4.4,0,0.0,0.0,0.0,0.00,0
564,Rusyn,17,4,4.4,0,0.0,0.0,0.0,0.00,0
668,Xhaka,17,3,5.1,99,2.5,3.7,2.5,3.08,2271
670,Roefs,17,1,4.8,110,0.0,3.9,0.0,0.10,2520
678,Masuaku,17,2,3.9,1,0.0,0.3,0.0,0.15,125
683,Alderete,17,2,4.1,103,1.5,3.8,1.5,2.23,2353
694,Mukiele,17,2,4.5,115,0.0,4.6,0.0,3.03,2163
724,Geertruida,17,2,4.5,46,2.5,1.8,2.5,1.25,1411
730,Brobbey,17,4,5.3,72,5.0,3.0,5.0,4.25,1360
735,Traoré,17,3,5.5,30,0.0,2.5,0.0,0.73,634
774,Jenson Jones,17,2,4.0,0,0.0,0.0,0.0,0.00,0
775,Tutierov,17,3,4.5,0,0.0,0.0,0.0,0.00,0
800,Jocelin.T,17,3,5.0,1,0.0,1.0,0.0,0.04,38
812,Ellborg,17,1,4.0,16,3.0,5.3,3.0,0.02,270
813,Angulo,17,3,5.0,9,0.0,1.8,0.0,0.57,254
821,Whittaker,17,3,4.5,0,0.0,0.0,0.0,0.00,0
822,Jones,17,3,4.5,0,0.0,0.0,0.0,0.00,0
565,Vicario,18,1,4.7,90,2.5,2.9,0.6,0.04,2790
566,Austin,18,1,3.9,0,0.0,0.0,0.0,0.00,0
567,Kinsky,18,1,3.9,0,0.0,0.0,0.0,0.00,0
568,Pedro Porro,18,2,5.1,83,1.5,3.1,1.5,3.76,2163
569,Romero,18,2,5.0,90,0.5,4.1,0.5,2.59,1800
570,Danso,18,2,4.2,38,3.5,2.2,3.5,0.49,929
571,Davies,18,2,4.3,10,0.0,3.3,0.0,0.56,136
572,Dragusin,18,2,4.5,15,2.0,1.9,2.0,0.32,513
573,Spence,18,2,4.2,60,2.5,2.5,2.5,2.60,1806
574,Udogie,18,2,4.3,14,-0.5,1.0,-0.5,0.79,839
575,Van de Ven,18,2,4.4,98,0.5,3.5,0.5,3.13,2411
576,Phillips,18,2,4.0,0,0.0,0.0,0.0,0.00,0
577,Takai,18,2,4.0,0,0.0,0.0,0.0,0.00,0
578,Vuskovic,18,2,3.9,0,0.0,0.0,0.0,0.00,0
579,Son,18,3,8.5,0,0.0,0.0,0.0,0.00,0
581,Maddison,18,3,6.8,0,0.0,0.0,0.0,0.00,0
582,Kudus,18,3,6.4,75,0.0,3.9,0.0,4.33,1535
583,Kulusevski,18,3,6.4,0,0.0,0.0,0.0,0.00,0
584,Tel,18,3,6.2,56,2.0,2.3,1.5,3.41,891
585,Bentancur,18,3,5.2,64,0.0,3.2,0.0,1.13,1407
586,Bergvall,18,3,5.2,40,0.5,2.2,0.5,1.58,844
587,Bissouma,18,3,5.2,13,0.0,1.6,0.0,0.44,460
588,Odobert,18,3,5.3,46,0.0,1.9,0.0,3.13,972
589,Solomon,18,3,5.4,0,0.0,0.0,0.0,0.00,0
590,Bryan,18,3,4.9,0,0.0,0.0,0.0,0.00,0
591,Gray,18,3,4.8,57,2.0,2.7,2.0,2.75,1370
592,Moore,18,3,5.0,0,0.0,0.0,0.0,0.00,0
593,P.M.Sarr,18,3,4.5,65,3.0,3.0,2.2,2.57,1320
594,Min-hyeok,18,3,4.5,0,0.0,0.0,0.0,0.00,0
595,Olusesi,18,3,4.3,1,0.5,1.0,0.5,0.01,14
596,Solanke,18,4,7.2,35,2.0,2.9,2.0,2.57,778
597,Richarlison,18,4,6.3,93,5.5,3.6,5.5,7.61,1502
598,Lankshear,18,4,4.5,0,0.0,0.0,0.0,0.00,0
599,Scarlett,18,4,4.3,2,0.0,1.0,0.0,0.01,7
673,J.Palhinha,18,3,5.5,94,0.0,3.6,0.0,1.88,1774
717,Xavi,18,3,6.5,65,1.0,2.6,1.0,5.85,1590
726,Kolo Muani,18,4,6.9,42,2.5,1.8,2.5,3.02,1223
745,Byfield,18,2,4.0,1,0.0,1.0,0.0,0.00,1
750,Rowswell,18,2,4.0,1,0.5,1.0,0.5,0.00,1
751,Akhamrich,18,3,4.5,0,0.0,0.0,0.0,0.00,0
790,Williams-Barnett,18,3,4.5,0,0.0,0.0,0.0,0.00,0
796,Gallagher,18,3,5.1,20,0.5,2.2,0.5,1.04,583
804,Souza,18,2,4.0,3,0.5,0.8,0.5,0.05,142
811,Kyerematen,18,3,4.5,0,0.0,0.0,0.0,0.00,0
818,Wilson,18,4,4.5,0,0.0,0.0,0.0,0.00,0
326,Adama,19,3,5.1,23,1.0,1.0,1.5,0.90,348
600,Areola,19,1,4.3,51,0.0,2.5,0.5,0.00,1800
601,Foderingham,19,1,4.0,0,0.0,0.0,0.0,0.00,0
602,Hegyi,19,1,3.9,0,0.0,0.0,0.0,0.00,0
603,Diouf,19,2,4.1,82,1.5,3.3,2.0,2.28,2093
604,Emerson,19,2,4.4,0,0.0,0.0,0.0,0.00,0
605,Kilman,19,2,4.1,36,0.0,1.7,0.5,0.81,1559
606,Mavropanos,19,2,4.4,77,7.5,3.2,8.0,2.45,1902
607,N.Aguerd,19,2,4.4,3,0.0,1.5,0.0,0.13,180
608,Scarles,19,2,4.3,21,0.0,1.8,0.5,0.50,654
609,Todibo,19,2,4.3,44,2.0,2.2,1.9,0.56,1701
610,Wan-Bissaka,19,2,4.1,63,1.0,2.9,1.5,0.93,1903
611,Casey,19,2,4.0,0,0.0,0.0,0.0,0.00,0
612,L.Paquetá,19,3,5.9,69,0.0,3.8,0.0,4.85,1513
613,Souček,19,3,5.7,79,3.0,2.8,3.5,4.81,1588
615,Summerville,19,3,5.5,92,0.0,3.8,0.4,6.47,1856
616,Álvarez,19,3,4.9,0,0.0,0.0,0.0,0.00,0
617,Cornet,19,3,4.9,0,0.0,0.0,0.0,0.00,0
618,G.Rodriguez,19,3,4.8,8,0.0,1.3,0.0,0.07,175
619,L.Guilherme,19,3,4.9,5,0.0,1.0,0.0,0.10,121
620,Earthy,19,3,4.5,1,0.0,1.0,0.0,0.01,8
621,Irving,19,3,4.3,9,0.0,1.3,0.0,0.17,156
622,Orford,19,3,4.4,0,0.0,0.0,0.0,0.00,0
623,Potts,19,3,4.4,35,0.5,1.8,1.0,1.27,1139
624,Bowen,19,4,7.6,143,4.0,4.6,4.5,10.19,2779
625,Füllkrug,19,4,5.6,12,0.0,1.5,0.0,1.14,407
626,Marshall,19,4,4.3,2,0.0,1.0,0.0,0.13,58
659,Walker-Peters,19,2,4.2,32,0.0,1.8,0.5,1.39,954
671,Wilson,19,4,5.8,65,0.5,2.6,0.8,6.85,1037
679,Hermansen,19,1,4.2,45,2.5,4.1,3.0,0.01,990
708,M.Fernandes,19,3,5.5,107,1.5,3.7,2.0,3.49,2393
718,S.Magassa,19,3,5.0,40,0.5,2.0,1.0,0.76,964
738,Fabianski,19,1,4.5,0,0.0,0.0,0.1,0.00,0
747,Mayers,19,2,4.0,6,0.0,1.0,0.5,0.61,113
752,Golambeckis,19,2,4.0,0,0.0,0.0,0.5,0.00,0
758,Mohamadou Kanté,19,3,4.5,7,1.0,0.9,1.5,0.10,32
785,Pablo,19,4,5.4,12,2.0,1.7,2.5,0.63,403
791,Taty,19,4,5.5,31,1.5,2.8,2.0,3.14,861
802,Lamadrid,19,3,5.0,0,0.0,0.0,0.5,0.00,0
815,Disasi,19,2,4.5,21,1.5,3.0,2.0,1.11,630
825,Herrick,19,1,4.0,0,0.0,0.0,2.0,0.00,0
627,Johnstone,20,1,4.4,21,0.0,1.8,-0.5,0.02,1080
628,José Sá,20,1,4.2,56,0.0,2.9,-0.5,0.03,1710
629,Bentley,20,1,3.9,0,0.0,0.0,-0.5,0.00,0
631,Agbadou,20,2,4.2,23,0.0,1.6,0.0,0.97,1100
632,Doherty,20,2,4.4,12,0.0,1.2,-0.5,0.28,702
633,H.Bueno,20,2,4.3,73,1.0,2.6,0.5,3.37,1946
634,Mosquera,20,2,4.3,51,1.0,2.3,0.5,2.04,1707
635,R.Gomes,20,2,4.4,35,1.0,2.3,0.5,2.00,599
636,S.Bueno,20,2,4.4,72,1.0,3.3,0.5,2.71,1922
637,Toti,20,2,4.2,28,0.0,2.0,-0.5,0.43,1039
638,Hoever,20,2,3.8,10,0.0,1.2,0.0,0.38,423
639,Meupiyou,20,2,4.0,0,0.0,0.0,0.0,0.00,0
640,Pedro Lima,20,2,4.0,3,0.0,1.0,-0.5,0.00,3
641,Pond,20,2,3.9,0,0.0,0.0,0.0,0.00,0
642,Hee Chan,20,3,5.6,44,0.0,2.2,-0.5,3.02,1144
643,André,20,3,5.2,77,2.0,2.8,1.5,1.19,2130
644,Bellegarde,20,3,5.1,39,5.0,1.8,4.5,1.98,1079
645,Fer López,20,3,5.1,12,0.0,1.3,0.0,0.77,228
646,J.Gomes,20,3,5.3,92,7.0,3.2,6.5,3.00,2297
647,Guedes,20,3,5.5,0,0.0,0.0,0.0,0.00,0
648,Munetsi,20,3,5.3,38,0.0,2.9,0.0,2.02,872
649,B.Traore,20,3,5.0,0,0.0,0.0,0.0,0.00,0
650,Chirewa,20,3,4.3,2,0.0,1.0,0.0,0.00,25
651,Edozie,20,3,4.3,6,0.0,6.0,-0.5,0.17,6
652,Gonzalez,20,3,4.3,0,0.0,0.0,-0.5,0.00,0
653,Hodge,20,3,4.5,0,0.0,0.0,0.0,0.00,0
655,Fábio Silva,20,4,4.9,0,0.0,0.0,0.0,0.00,0
656,Kalajdžić,20,4,4.9,1,0.0,1.0,0.0,0.01,14
657,Chiwome,20,4,4.4,0,0.0,0.0,-0.5,0.00,0
658,Fraser,20,4,4.2,0,0.0,0.0,-0.5,0.00,0
663,J.Arias,20,3,4.9,45,0.0,2.0,0.0,4.00,1117
682,Møller Wolfe,20,2,4.2,29,0.0,1.6,-0.5,1.17,839
695,Tchatchoua,20,2,4.4,51,1.0,1.8,0.5,1.82,1695
709,Krejčí,20,2,4.5,59,0.0,2.5,-0.5,3.36,2037
720,Tolu,20,4,5.3,59,5.0,2.2,4.5,4.99,1231
749,Mané,20,4,4.4,53,1.0,2.6,0.5,3.01,1280
766,Olagunju,20,2,4.0,0,0.0,0.0,-0.5,0.00,0
767,Rawlings,20,3,4.5,0,0.0,0.0,-0.5,0.00,0
777,Ojinnaka,20,3,4.5,0,0.0,0.0,0.0,0.00,0
778,Sutherland,20,3,4.5,0,0.0,0.0,-0.5,0.00,0
809,Abbey,20,3,4.5,0,0.0,0.0,-0.5,0.00,0
816,Angel,20,3,4.7,9,0.0,1.3,-0.5,0.27,282
817,Armstrong,20,4,5.2,20,5.0,2.9,4.5,1.27,567
